accuracy,precision,recall,f1,macro_f1,Model,HeldOut_Domain
0.5502857142857143,0.5321637426900585,0.832,0.6491306286223807,0.5115183771592413,TF-IDF,wikipedia
0.5277142857142857,0.5181579932609509,0.7908571428571428,0.6261026916987107,0.49257829427897926,Signal Features,wikipedia
0.708,0.8791666666666667,0.48228571428571426,0.6228782287822878,0.6923248952769248,TF-IDF,reddit_eli5
0.6654285714285715,0.6124271844660194,0.9011428571428571,0.7292485549132948,0.6457457727837501,Signal Features,reddit_eli5
0.6848571428571428,0.7658175842235004,0.5325714285714286,0.6282440175261207,0.6773751701813594,TF-IDF,wikihow
0.498,0.496054114994363,0.25142857142857145,0.33371255214258627,0.4655039955303809,Signal Features,wikihow
0.6457142857142857,0.607413647851727,0.824,0.6993210475266731,0.6340833332209166,TF-IDF,arxiv
0.488,0.4939271255060729,0.976,0.6559139784946236,0.3279569892473118,Signal Features,arxiv
0.8594594594594595,0.9079754601226994,0.8,0.8505747126436781,0.8589608257095942,TF-IDF,peerread
0.43513513513513513,0.0,0.0,0.0,0.3032015065913371,Signal Features,peerread
